               epoch,      train/box_loss,      train/obj_loss,      train/cls_loss,   metrics/precision,      metrics/recall,     metrics/mAP_0.5,metrics/mAP_0.5:0.95,        val/box_loss,        val/obj_loss,        val/cls_loss,               x/lr0,               x/lr1,               x/lr2
                   0,            0.082085,             0.01939,            0.030546,                   0,                   0,                   0,                   0,            0.038969,           0.0091284,            0.013386,            0.070278,           0.0033025,           0.0033025
                   1,            0.070843,            0.015749,            0.028031,           0.0012889,            0.074074,          0.00039727,          0.00012084,            0.042794,           0.0077537,            0.011782,            0.040245,            0.006603,            0.006603
                   2,            0.066886,             0.01244,             0.02532,          6.1032e-06,            0.012346,          2.0416e-05,          3.0593e-06,             0.03871,           0.0028071,            0.010618,            0.010179,           0.0098704,           0.0098704
                   3,            0.061251,            0.011081,            0.022193,          3.2024e-05,            0.013889,          1.6769e-05,          1.6769e-06,            0.042642,           0.0015614,            0.010492,           0.0098515,           0.0098515,           0.0098515
                   4,            0.062866,            0.010494,            0.020626,          0.00038843,             0.37346,          0.00095981,          0.00019772,            0.033824,           0.0025054,            0.008868,           0.0098515,           0.0098515,           0.0098515
                   5,            0.059421,           0.0099881,            0.018897,           0.0002556,              0.1929,          0.00038449,          5.7138e-05,            0.036975,           0.0018172,           0.0086304,            0.009802,            0.009802,            0.009802
                   6,            0.056294,            0.010008,            0.018315,          0.00030244,             0.28858,          0.00035039,          9.1832e-05,            0.038293,           0.0026394,           0.0075041,           0.0097525,           0.0097525,           0.0097525
                   7,             0.05485,            0.010033,            0.017223,          0.00033228,             0.32407,          0.00056706,          0.00015449,            0.033282,           0.0031088,            0.009387,            0.009703,            0.009703,            0.009703
                   8,            0.051942,           0.0098955,            0.016363,          0.00075675,             0.46914,           0.0032716,           0.0007767,            0.030855,           0.0022724,            0.014089,           0.0096535,           0.0096535,           0.0096535
                   9,            0.053712,           0.0097187,            0.016437,           0.0003364,             0.16204,          0.00027812,          6.8196e-05,            0.032672,           0.0018099,           0.0087607,            0.009604,            0.009604,            0.009604
                  10,            0.053921,           0.0097881,            0.016782,          0.00099365,             0.49074,           0.0043981,          0.00059857,            0.032298,           0.0027001,           0.0069938,           0.0095545,           0.0095545,           0.0095545
                  11,            0.051461,           0.0095004,            0.013519,           0.0011318,             0.60494,           0.0022314,          0.00088242,             0.02339,           0.0032641,            0.010057,            0.009505,            0.009505,            0.009505
                  12,            0.045098,           0.0095004,             0.01352,           0.0026125,             0.66667,             0.11458,            0.033408,            0.021215,           0.0019277,           0.0026827,           0.0094555,           0.0094555,           0.0094555
                  13,            0.046551,           0.0095163,            0.012938,                   0,                   0,                   0,                   0,            0.044155,           0.0011849,            0.027847,            0.009406,            0.009406,            0.009406
                  14,            0.047708,            0.010043,            0.011343,             0.02308,              0.5463,            0.034884,            0.011249,            0.022871,           0.0025701,           0.0036979,           0.0093565,           0.0093565,           0.0093565
                  15,            0.048813,           0.0096022,             0.01134,           0.0051096,             0.66667,            0.028516,           0.0093998,            0.021847,           0.0020742,           0.0051264,            0.009307,            0.009307,            0.009307
                  16,            0.044198,           0.0094803,            0.011565,            0.027561,             0.58333,            0.078332,            0.028901,            0.020889,            0.002029,           0.0017917,           0.0092575,           0.0092575,           0.0092575
                  17,            0.046438,           0.0094025,            0.011206,            0.010163,             0.66667,            0.063076,            0.021841,            0.022417,           0.0020921,           0.0018188,            0.009208,            0.009208,            0.009208
                  18,            0.043316,           0.0092191,            0.011048,            0.033663,             0.61265,             0.10599,            0.030974,            0.019278,           0.0021054,           0.0029296,           0.0091585,           0.0091585,           0.0091585
                  19,            0.042081,           0.0093825,            0.010721,            0.032016,             0.41512,            0.052557,             0.02116,            0.021362,            0.002165,           0.0033347,            0.009109,            0.009109,            0.009109
                  20,            0.042189,            0.009523,            0.010202,            0.001642,            0.012346,          0.00085256,          0.00051154,            0.028826,           0.0020899,            0.026142,           0.0090595,           0.0090595,           0.0090595
                  21,            0.044463,           0.0090559,           0.0090287,            0.040483,             0.32268,            0.057634,            0.014234,            0.023181,            0.002011,           0.0015259,             0.00901,             0.00901,             0.00901
                  22,            0.044318,           0.0092652,            0.010148,            0.058343,             0.58333,            0.093554,             0.02995,            0.021585,           0.0017825,           0.0018567,           0.0089605,           0.0089605,           0.0089605
                  23,            0.042337,           0.0093126,            0.011057,            0.004268,             0.66667,             0.13307,            0.069076,             0.01777,           0.0035306,           0.0026454,            0.008911,            0.008911,            0.008911
                  24,            0.044864,           0.0095808,            0.010134,           0.0042823,             0.66667,             0.16916,            0.092376,            0.017588,           0.0022484,           0.0029702,           0.0088615,           0.0088615,           0.0088615
                  25,            0.039212,           0.0090388,           0.0094709,           0.0043993,             0.65278,            0.036524,            0.021678,            0.021758,           0.0031946,            0.010731,            0.008812,            0.008812,            0.008812
                  26,            0.037233,           0.0091512,           0.0095502,            0.090696,             0.39805,             0.11066,            0.032324,            0.021741,           0.0021661,           0.0021029,           0.0087625,           0.0087625,           0.0087625
                  27,            0.040103,           0.0094116,           0.0087537,           0.0060351,             0.66667,            0.038722,            0.020743,            0.016547,           0.0022948,           0.0064282,            0.008713,            0.008713,            0.008713
                  28,            0.037443,           0.0089694,           0.0090522,             0.39459,             0.32099,             0.10033,            0.032702,            0.020134,           0.0022953,           0.0010955,           0.0086635,           0.0086635,           0.0086635
                  29,            0.038762,            0.009263,           0.0082891,             0.42949,              0.3966,            0.099539,            0.038921,            0.019922,           0.0022655,           0.0010471,            0.008614,            0.008614,            0.008614
                  30,            0.039723,           0.0092257,           0.0079192,            0.066818,             0.27315,             0.10367,            0.037486,            0.019054,           0.0024704,          0.00067656,           0.0085645,           0.0085645,           0.0085645
                  31,             0.03766,           0.0092267,           0.0084123,            0.052166,             0.35957,             0.10396,            0.060288,            0.021198,            0.005777,            0.017854,            0.008515,            0.008515,            0.008515
                  32,            0.040086,           0.0089858,           0.0075806,            0.013472,             0.38117,            0.083814,            0.041883,            0.031382,           0.0051149,            0.029171,           0.0084655,           0.0084655,           0.0084655
                  33,            0.038264,           0.0091245,           0.0083364,            0.022911,             0.63889,             0.11479,            0.053398,            0.021051,           0.0023852,            0.010137,            0.008416,            0.008416,            0.008416
                  34,             0.03906,           0.0090257,           0.0082299,            0.093283,             0.46764,             0.14239,            0.070536,             0.01886,           0.0031563,          0.00017992,           0.0083665,           0.0083665,           0.0083665
                  35,            0.039776,           0.0088865,           0.0084572,            0.083505,             0.37796,            0.095417,            0.027438,            0.021028,           0.0024607,          0.00072477,            0.008317,            0.008317,            0.008317
                  36,            0.038328,           0.0091556,           0.0077815,            0.010816,              0.1358,            0.049789,           0.0064316,            0.037652,           0.0031881,            0.031966,           0.0082675,           0.0082675,           0.0082675
                  37,            0.038743,              0.0092,           0.0073223,             0.02209,             0.47377,            0.065436,            0.017807,            0.028111,           0.0021354,           0.0031656,            0.008218,            0.008218,            0.008218
                  38,            0.037262,            0.008968,           0.0086589,            0.019049,             0.66667,             0.10313,            0.057677,             0.01905,           0.0023798,           0.0076919,           0.0081685,           0.0081685,           0.0081685
                  39,            0.038202,           0.0090608,           0.0080353,            0.081822,             0.33036,             0.10716,            0.037892,            0.021221,           0.0025344,           0.0012488,            0.008119,            0.008119,            0.008119
                  40,            0.037971,           0.0087056,           0.0081352,             0.10917,             0.38117,             0.14326,            0.048831,            0.020058,           0.0024962,           0.0010162,           0.0080695,           0.0080695,           0.0080695
                  41,            0.041861,           0.0093148,           0.0081086,             0.01893,             0.47531,            0.080303,            0.022371,            0.025729,           0.0033423,            0.026627,             0.00802,             0.00802,             0.00802
                  42,            0.038034,           0.0089758,           0.0094094,             0.08986,             0.58333,             0.13625,            0.074478,            0.017511,           0.0024237,           0.0018748,           0.0079705,           0.0079705,           0.0079705
                  43,            0.036351,           0.0089865,           0.0083412,            0.082006,             0.31327,             0.12024,            0.040273,            0.019809,           0.0022761,          0.00092028,            0.007921,            0.007921,            0.007921
                  44,            0.038161,            0.008728,           0.0075136,             0.12282,              0.2392,              0.1276,            0.040218,            0.019839,            0.002078,          0.00093983,           0.0078715,           0.0078715,           0.0078715
                  45,            0.037292,           0.0086778,           0.0074483,            0.050647,             0.12346,            0.074058,            0.023834,            0.026128,           0.0034183,            0.033189,            0.007822,            0.007822,            0.007822
                  46,            0.042502,           0.0092406,           0.0072313,            0.009848,             0.66667,             0.08888,             0.04776,            0.016588,           0.0033313,             0.01213,           0.0077725,           0.0077725,           0.0077725
                  47,            0.036989,           0.0092631,           0.0084025,            0.085569,              0.4321,             0.12987,            0.047481,            0.020062,            0.002523,           0.0008572,            0.007723,            0.007723,            0.007723
                  48,            0.037639,           0.0087611,           0.0073963,            0.087553,             0.37047,             0.10297,            0.028103,            0.019884,            0.002227,          0.00042318,           0.0076735,           0.0076735,           0.0076735
                  49,            0.036301,           0.0089562,           0.0072842,             0.43012,             0.48611,             0.11892,            0.035403,            0.019563,           0.0026358,          0.00025313,            0.007624,            0.007624,            0.007624
                  50,            0.036052,           0.0089528,           0.0073257,             0.11045,             0.47222,             0.15063,            0.054332,            0.018034,           0.0029038,          0.00023245,           0.0075745,           0.0075745,           0.0075745
                  51,            0.038197,           0.0092101,           0.0074398,            0.093567,             0.43519,             0.11864,            0.035489,            0.019068,           0.0025959,          0.00025038,            0.007525,            0.007525,            0.007525
                  52,             0.03898,           0.0091488,           0.0067077,             0.12225,             0.46296,             0.15265,            0.050913,            0.016475,           0.0023183,          0.00023971,           0.0074755,           0.0074755,           0.0074755
                  53,            0.034835,            0.008984,           0.0071217,             0.10282,             0.36966,             0.13483,            0.046499,            0.018168,           0.0024318,          0.00070055,            0.007426,            0.007426,            0.007426
                  54,            0.030901,           0.0086771,           0.0076865,            0.071293,             0.24228,             0.09969,             0.03891,            0.019556,           0.0022845,           0.0010078,           0.0073765,           0.0073765,           0.0073765
                  55,            0.035882,           0.0090253,           0.0066314,            0.036534,             0.32253,            0.080037,            0.048658,            0.016023,           0.0022441,           0.0076724,            0.007327,            0.007327,            0.007327
                  56,            0.033594,           0.0085022,           0.0078274,            0.091331,              0.2716,             0.10424,            0.038051,            0.020452,           0.0023337,           0.0017047,           0.0072775,           0.0072775,           0.0072775
                  57,            0.035218,           0.0089937,           0.0064734,            0.074719,             0.32742,             0.11486,            0.044666,            0.019408,           0.0028831,          0.00012812,            0.007228,            0.007228,            0.007228
                  58,            0.033043,           0.0085454,            0.006696,             0.11531,             0.52778,             0.16157,             0.10566,            0.016348,           0.0022465,           0.0032088,           0.0071785,           0.0071785,           0.0071785
                  59,            0.036068,           0.0086866,           0.0064382,            0.018678,             0.66667,             0.18414,             0.10545,            0.015877,           0.0025342,           0.0030327,            0.007129,            0.007129,            0.007129
                  60,            0.039529,            0.009172,           0.0064447,            0.016283,             0.63889,             0.11046,            0.081317,            0.017577,           0.0028695,           0.0092268,           0.0070795,           0.0070795,           0.0070795
                  61,             0.03518,           0.0087681,           0.0077137,            0.099654,             0.42438,             0.11875,            0.035916,            0.019528,           0.0023582,           0.0011944,             0.00703,             0.00703,             0.00703
                  62,             0.03389,             0.00875,            0.006329,            0.091008,             0.40895,             0.13248,            0.041551,            0.018574,           0.0027916,          0.00012598,           0.0069805,           0.0069805,           0.0069805
                  63,            0.031005,            0.008843,           0.0062998,            0.098507,             0.44753,               0.131,            0.045831,            0.018235,           0.0024053,          0.00062264,            0.006931,            0.006931,            0.006931
                  64,            0.035742,           0.0090515,           0.0067614,             0.10479,             0.47377,             0.13059,            0.045685,            0.018394,           0.0022524,          0.00016439,           0.0068815,           0.0068815,           0.0068815
                  65,            0.036836,           0.0089824,           0.0068111,            0.096441,             0.47377,             0.14096,            0.047348,            0.017032,           0.0030684,          0.00029086,            0.006832,            0.006832,            0.006832
                  66,            0.035869,           0.0089323,           0.0064526,            0.024554,                 0.5,            0.070765,              0.0281,            0.018318,           0.0022891,            0.021554,           0.0067825,           0.0067825,           0.0067825
                  67,            0.034472,           0.0084434,           0.0065783,            0.095012,             0.39969,             0.13572,            0.042185,            0.018715,           0.0023604,          0.00057741,            0.006733,            0.006733,            0.006733
                  68,            0.033478,           0.0086766,           0.0068564,            0.024631,             0.66111,            0.064981,            0.033801,            0.017156,           0.0024035,            0.015306,           0.0066835,           0.0066835,           0.0066835
                  69,            0.031981,           0.0086607,           0.0061038,             0.10289,             0.40895,             0.12376,            0.040227,            0.019997,           0.0022978,           0.0006283,            0.006634,            0.006634,            0.006634
                  70,            0.034139,           0.0085809,           0.0061334,            0.098637,             0.47531,             0.12023,            0.068544,            0.015859,           0.0023268,            0.001263,           0.0065845,           0.0065845,           0.0065845
                  71,             0.03375,           0.0086724,           0.0062818,            0.030499,             0.61728,            0.096857,            0.035522,            0.017969,           0.0021063,           0.0039898,            0.006535,            0.006535,            0.006535
                  72,            0.032038,           0.0084746,            0.006027,             0.10526,             0.43519,             0.13554,            0.061311,            0.017247,           0.0021931,          0.00048202,           0.0064855,           0.0064855,           0.0064855
                  73,            0.033875,           0.0088641,           0.0058845,              0.0188,             0.59722,             0.05251,            0.030429,            0.015827,           0.0025708,            0.017927,            0.006436,            0.006436,            0.006436
                  74,             0.03294,           0.0081371,           0.0064447,             0.10253,             0.43673,             0.14102,            0.051117,            0.018316,           0.0024287,          0.00058569,           0.0063865,           0.0063865,           0.0063865
                  75,            0.032972,           0.0085573,           0.0058492,            0.096251,             0.32407,             0.13312,             0.04279,            0.018065,           0.0021177,          0.00056588,            0.006337,            0.006337,            0.006337
                  76,             0.03461,           0.0085303,           0.0061322,            0.091086,             0.26235,             0.11643,            0.053086,            0.017211,           0.0021727,           0.0040468,           0.0062875,           0.0062875,           0.0062875
                  77,            0.033972,           0.0087446,           0.0061255,             0.11582,             0.29012,             0.13377,            0.056232,            0.015746,           0.0023799,           0.0005282,            0.006238,            0.006238,            0.006238
                  78,            0.032679,           0.0085936,           0.0067538,              0.1093,             0.56944,             0.14005,            0.082501,            0.015614,           0.0018745,           0.0010789,           0.0061885,           0.0061885,           0.0061885
                  79,            0.032166,            0.008924,           0.0067066,             0.10034,             0.34568,             0.12246,             0.05249,            0.017118,           0.0021953,           0.0012496,            0.006139,            0.006139,            0.006139
                  80,            0.033557,           0.0088816,           0.0059414,            0.070508,             0.47222,             0.11272,            0.085597,            0.014589,           0.0021949,           0.0081014,           0.0060895,           0.0060895,           0.0060895
                  81,            0.029974,            0.008431,           0.0060554,            0.029662,             0.65278,             0.10523,            0.053472,            0.018206,           0.0040403,           0.0089912,             0.00604,             0.00604,             0.00604
                  82,            0.032599,           0.0081191,           0.0056285,             0.03445,             0.35648,            0.047636,            0.029138,            0.020646,           0.0021154,            0.032817,           0.0059905,           0.0059905,           0.0059905
                  83,            0.033287,           0.0085262,           0.0068126,              0.1052,             0.48765,             0.12292,            0.053432,            0.017738,           0.0020773,          0.00074319,            0.005941,            0.005941,            0.005941
                  84,            0.032227,            0.008554,           0.0060179,             0.08125,             0.34259,             0.11579,            0.036886,            0.019468,           0.0023908,          0.00070115,           0.0058915,           0.0058915,           0.0058915
                  85,              0.0329,           0.0082658,           0.0060775,             0.12486,              0.3858,             0.14952,            0.056433,            0.017507,           0.0022175,          0.00087275,            0.005842,            0.005842,            0.005842
                  86,            0.030949,           0.0090006,           0.0059505,            0.081587,             0.39313,             0.11543,            0.055552,            0.017497,           0.0024551,          0.00074997,           0.0057925,           0.0057925,           0.0057925
                  87,            0.032969,           0.0084065,           0.0051726,             0.10455,             0.43519,             0.13566,            0.056188,            0.017631,           0.0023198,           0.0002869,            0.005743,            0.005743,            0.005743
                  88,            0.030766,           0.0082707,           0.0054866,             0.11999,             0.41049,             0.13211,            0.062916,             0.01678,           0.0020424,          0.00079985,           0.0056935,           0.0056935,           0.0056935
                  89,            0.034567,           0.0088966,           0.0059037,             0.11614,             0.48555,             0.15015,            0.071068,             0.01586,           0.0022178,          0.00018238,            0.005644,            0.005644,            0.005644
                  90,             0.03115,           0.0081675,           0.0061649,            0.090905,             0.43056,             0.11518,            0.079159,            0.015853,           0.0021931,            0.014162,           0.0055945,           0.0055945,           0.0055945
                  91,            0.029662,           0.0086237,           0.0061042,              0.1248,             0.20988,             0.13097,            0.066716,            0.017009,           0.0021522,           0.0035366,            0.005545,            0.005545,            0.005545
                  92,            0.031861,           0.0083662,           0.0063635,            0.099314,             0.41204,             0.13668,            0.060143,            0.016716,           0.0020038,          0.00049348,           0.0054955,           0.0054955,           0.0054955
                  93,            0.030077,           0.0086759,           0.0061281,             0.12601,             0.41049,             0.13696,            0.062427,             0.01724,           0.0023197,          0.00075273,            0.005446,            0.005446,            0.005446
                  94,            0.032746,           0.0087852,           0.0056878,            0.029677,             0.58333,             0.13228,            0.092832,             0.01501,            0.002583,            0.015669,           0.0053965,           0.0053965,           0.0053965
                  95,            0.032249,           0.0080951,           0.0057327,             0.10888,             0.43381,             0.14363,            0.080802,            0.015708,           0.0021671,          0.00067394,            0.005347,            0.005347,            0.005347
                  96,            0.032157,           0.0087192,           0.0062049,             0.10929,             0.33642,             0.14649,            0.067084,            0.017511,           0.0021135,          0.00069922,           0.0052975,           0.0052975,           0.0052975
                  97,            0.030719,            0.008553,           0.0052944,             0.12529,               0.375,              0.1353,            0.088711,            0.017098,           0.0025079,           0.0072375,            0.005248,            0.005248,            0.005248
                  98,            0.033132,            0.008566,           0.0048731,              0.4202,             0.36111,             0.10055,            0.030884,            0.018735,           0.0022637,           0.0013373,           0.0051985,           0.0051985,           0.0051985
                  99,            0.030286,           0.0083109,           0.0052238,            0.081989,             0.37963,             0.11621,            0.049757,            0.017229,           0.0024422,          0.00036262,            0.005149,            0.005149,            0.005149
                 100,            0.031303,           0.0081927,            0.005271,             0.10052,             0.38117,             0.12194,            0.039947,            0.017884,           0.0022402,           0.0010518,           0.0050995,           0.0050995,           0.0050995
                 101,            0.030956,           0.0084532,           0.0055818,              0.1276,             0.40278,             0.14006,            0.094714,            0.014991,           0.0022044,           0.0077329,             0.00505,             0.00505,             0.00505
                 102,            0.035413,           0.0082293,           0.0053007,            0.097993,             0.42438,             0.11448,            0.040745,            0.017789,           0.0021525,           0.0015973,           0.0050005,           0.0050005,           0.0050005
                 103,            0.031929,            0.008519,           0.0055764,            0.079489,             0.41049,             0.12461,            0.049274,            0.017226,           0.0021171,          9.4528e-05,            0.004951,            0.004951,            0.004951
                 104,            0.030275,           0.0081821,            0.005577,             0.10414,             0.33025,             0.13637,            0.076056,            0.016735,           0.0021715,          0.00068734,           0.0049015,           0.0049015,           0.0049015
                 105,            0.031596,            0.008491,           0.0058511,             0.10422,             0.30556,             0.12777,            0.065212,             0.01681,            0.002208,           0.0013712,            0.004852,            0.004852,            0.004852
                 106,            0.027871,           0.0083842,           0.0055306,            0.095013,             0.44206,             0.10373,            0.035778,            0.017884,           0.0020589,          0.00043329,           0.0048025,           0.0048025,           0.0048025
                 107,            0.030808,           0.0085585,           0.0053659,            0.054356,             0.28395,             0.11302,            0.066526,            0.015024,           0.0020016,           0.0012235,            0.004753,            0.004753,            0.004753
                 108,            0.033586,            0.008464,           0.0053433,             0.12596,             0.39165,             0.15118,            0.097433,            0.015796,           0.0025618,           0.0088175,           0.0047035,           0.0047035,           0.0047035
                 109,            0.034779,           0.0086007,           0.0051652,             0.10317,             0.35648,             0.11356,            0.057012,            0.016268,           0.0021752,           0.0015921,            0.004654,            0.004654,            0.004654
                 110,            0.031233,           0.0085207,           0.0060422,             0.10113,             0.43056,             0.12533,            0.055841,            0.016484,           0.0023968,          0.00016833,           0.0046045,           0.0046045,           0.0046045
                 111,            0.035922,           0.0085461,           0.0054069,             0.10266,             0.37963,             0.12379,            0.053637,            0.016602,           0.0020676,          9.3021e-05,            0.004555,            0.004555,            0.004555
                 112,            0.031437,           0.0085341,           0.0057644,             0.11107,             0.46142,             0.11907,             0.05206,            0.016418,           0.0022366,          7.4308e-05,           0.0045055,           0.0045055,           0.0045055
                 113,            0.029383,           0.0081966,           0.0049967,            0.066183,             0.54167,             0.10072,            0.060801,            0.014974,           0.0025445,            0.017937,            0.004456,            0.004456,            0.004456
                 114,            0.029251,            0.008129,           0.0056795,            0.089512,             0.36883,             0.13041,            0.053776,            0.015825,           0.0023298,          0.00011439,           0.0044065,           0.0044065,           0.0044065
                 115,            0.030135,            0.008473,           0.0058141,            0.055887,             0.51389,            0.088569,            0.046699,            0.018781,           0.0029094,            0.028473,            0.004357,            0.004357,            0.004357
                 116,            0.030329,           0.0082936,           0.0050063,             0.11558,               0.375,             0.13573,            0.085582,            0.015002,           0.0021166,          8.5286e-05,           0.0043075,           0.0043075,           0.0043075
                 117,            0.029484,           0.0081812,           0.0050211,             0.10304,             0.42284,             0.13814,            0.052063,            0.017355,           0.0021949,          0.00047343,            0.004258,            0.004258,            0.004258
                 118,            0.029473,           0.0083971,           0.0053477,            0.081819,             0.61111,             0.13733,            0.063068,            0.014485,           0.0025024,           0.0001762,           0.0042085,           0.0042085,           0.0042085
                 119,            0.028766,           0.0081202,           0.0052035,             0.11634,             0.39043,             0.12509,            0.051537,            0.017017,           0.0025694,             0.02232,            0.004159,            0.004159,            0.004159
                 120,            0.030392,           0.0083317,           0.0049713,             0.10775,             0.41049,             0.13155,            0.051358,            0.017236,           0.0024086,          0.00022306,           0.0041095,           0.0041095,           0.0041095
                 121,            0.033469,           0.0085586,           0.0056804,             0.07114,             0.32529,             0.11385,            0.050963,            0.016835,            0.002127,          0.00026039,             0.00406,             0.00406,             0.00406
                 122,            0.030835,            0.008651,           0.0057371,            0.092892,             0.38117,             0.14984,            0.074076,            0.015326,           0.0025285,          0.00059158,           0.0040105,           0.0040105,           0.0040105
                 123,            0.029296,           0.0081214,           0.0054307,             0.13044,              0.4321,             0.14758,            0.098199,            0.016132,           0.0023957,           0.0067723,            0.003961,            0.003961,            0.003961
                 124,            0.031127,           0.0083972,           0.0052248,             0.11296,             0.59722,             0.15054,             0.08347,            0.014743,           0.0019792,          0.00035863,           0.0039115,           0.0039115,           0.0039115
                 125,            0.029613,           0.0082139,           0.0047606,            0.091766,             0.40432,             0.14217,            0.072831,            0.015541,           0.0020487,          0.00038074,            0.003862,            0.003862,            0.003862
                 126,            0.029236,           0.0083972,           0.0053371,              0.1046,             0.24383,             0.14925,            0.065588,            0.016011,           0.0021271,           0.0012087,           0.0038125,           0.0038125,           0.0038125
                 127,            0.029333,           0.0081525,           0.0055596,             0.12688,             0.52715,             0.19118,             0.11796,            0.015368,            0.002037,          0.00027202,            0.003763,            0.003763,            0.003763
                 128,            0.031844,           0.0083533,           0.0053857,            0.096676,             0.42284,             0.12984,            0.058113,            0.016185,           0.0020313,           0.0004632,           0.0037135,           0.0037135,           0.0037135
                 129,            0.030569,           0.0085188,           0.0054735,            0.090105,             0.38889,             0.16884,            0.090499,            0.014056,            0.002438,          7.6316e-05,            0.003664,            0.003664,            0.003664
                 130,            0.026475,           0.0084697,           0.0049151,            0.095217,             0.45988,             0.13668,            0.070686,            0.015898,           0.0025093,          0.00091896,           0.0036145,           0.0036145,           0.0036145
                 131,            0.028955,           0.0081098,           0.0052086,             0.11551,             0.41975,             0.15508,            0.078891,            0.015737,           0.0020913,          0.00032338,            0.003565,            0.003565,            0.003565
                 132,            0.028931,           0.0081473,           0.0058501,             0.11711,             0.41049,             0.13815,            0.071398,            0.015182,           0.0019206,          0.00077566,           0.0035155,           0.0035155,           0.0035155
                 133,            0.029101,           0.0084129,           0.0052408,             0.10677,             0.57099,             0.15564,            0.097428,            0.015991,           0.0022762,          0.00072486,            0.003466,            0.003466,            0.003466
                 134,            0.026455,           0.0079855,           0.0047663,             0.10424,             0.44907,             0.14682,            0.064792,            0.016409,           0.0022039,          0.00062674,           0.0034165,           0.0034165,           0.0034165
                 135,            0.033265,            0.008412,           0.0055862,             0.10977,             0.41821,              0.1282,            0.063048,            0.015312,           0.0024013,          9.1478e-05,            0.003367,            0.003367,            0.003367
                 136,            0.029844,           0.0082275,            0.004616,             0.11553,             0.43286,             0.14942,            0.079768,            0.016496,           0.0024922,          0.00034634,           0.0033175,           0.0033175,           0.0033175
                 137,            0.030961,           0.0080178,           0.0047833,             0.11687,             0.39801,             0.16575,            0.078698,            0.015831,           0.0020874,           0.0002075,            0.003268,            0.003268,            0.003268
                 138,            0.029195,           0.0080713,           0.0047513,             0.10958,             0.40278,             0.14119,            0.084902,            0.014889,           0.0022035,          0.00017339,           0.0032185,           0.0032185,           0.0032185
                 139,            0.028667,           0.0084755,           0.0044822,            0.096415,             0.38889,             0.15508,             0.10031,            0.014782,           0.0022269,          5.3833e-05,            0.003169,            0.003169,            0.003169
                 140,            0.029317,           0.0082348,            0.004948,             0.10576,             0.39352,             0.14305,            0.058395,            0.015176,           0.0021183,          0.00030477,           0.0031195,           0.0031195,           0.0031195
                 141,            0.028472,           0.0081595,           0.0047967,             0.12689,             0.42284,             0.15371,            0.080407,            0.014666,           0.0021264,          0.00042685,             0.00307,             0.00307,             0.00307
                 142,            0.028415,            0.007747,           0.0048282,             0.23561,             0.35031,             0.15342,            0.099683,            0.016116,           0.0026417,            0.012083,           0.0030205,           0.0030205,           0.0030205
                 143,            0.027896,           0.0081924,           0.0051373,             0.12433,              0.3858,             0.14127,            0.056566,             0.01689,           0.0021099,           0.0005622,            0.002971,            0.002971,            0.002971
                 144,            0.028031,           0.0082235,           0.0048405,             0.37617,              0.2963,            0.092636,            0.050239,             0.01617,            0.003046,            0.024835,           0.0029215,           0.0029215,           0.0029215
                 145,            0.032304,           0.0083236,           0.0052091,             0.11656,             0.47377,             0.14407,            0.064067,            0.016065,           0.0021694,          0.00028474,            0.002872,            0.002872,            0.002872
                 146,            0.028586,            0.008249,           0.0046461,             0.11136,             0.43364,             0.14735,            0.068748,            0.016234,           0.0019354,          0.00021516,           0.0028225,           0.0028225,           0.0028225
                 147,            0.028034,           0.0078713,           0.0037838,             0.12784,             0.46605,             0.14375,            0.066381,            0.015942,           0.0022595,          0.00022677,            0.002773,            0.002773,            0.002773
                 148,            0.027982,           0.0081227,           0.0053327,              0.1105,             0.40278,             0.13034,             0.08423,            0.015056,           0.0024655,           0.0093621,           0.0027235,           0.0027235,           0.0027235
                 149,            0.029632,            0.008111,           0.0052817,             0.11856,             0.45833,             0.14223,            0.083836,            0.015292,           0.0019776,          0.00032481,            0.002674,            0.002674,            0.002674
                 150,            0.029005,           0.0080362,           0.0045285,             0.10565,             0.56944,             0.13015,            0.065539,            0.014714,           0.0021101,          0.00020375,           0.0026245,           0.0026245,           0.0026245
                 151,            0.027831,           0.0079213,           0.0045853,             0.12846,             0.44444,             0.14799,            0.098954,            0.013564,           0.0021899,           0.0003439,            0.002575,            0.002575,            0.002575
                 152,            0.029908,           0.0081698,           0.0050459,             0.11187,             0.58488,             0.13962,            0.071538,            0.016046,           0.0021076,          0.00038986,           0.0025255,           0.0025255,           0.0025255
                 153,             0.02647,           0.0078964,           0.0049379,             0.11383,             0.46471,             0.14122,            0.065793,             0.01543,           0.0022773,          0.00055683,            0.002476,            0.002476,            0.002476
                 154,            0.026313,           0.0076429,             0.00456,            0.099431,             0.59877,             0.15754,            0.065938,            0.015336,           0.0020917,          8.6801e-05,           0.0024265,           0.0024265,           0.0024265
                 155,            0.026203,           0.0077946,           0.0049049,            0.088657,             0.38889,             0.14121,            0.099863,            0.014873,            0.002142,          5.3052e-05,            0.002377,            0.002377,            0.002377
                 156,            0.028115,           0.0079763,           0.0041477,              0.1003,             0.59877,             0.14647,            0.075207,            0.015584,           0.0023037,          0.00011975,           0.0023275,           0.0023275,           0.0023275
                 157,            0.030075,           0.0084992,           0.0044254,             0.12581,             0.51164,             0.15089,            0.076544,             0.01627,           0.0023572,          0.00042391,            0.002278,            0.002278,            0.002278
                 158,            0.028835,           0.0081964,           0.0043891,            0.095242,             0.54167,             0.14046,             0.09566,            0.014715,           0.0022141,          0.00010381,           0.0022285,           0.0022285,           0.0022285
                 159,            0.029719,           0.0080905,           0.0042341,             0.11238,             0.48611,             0.14381,            0.076186,            0.015353,           0.0021522,          6.7286e-05,            0.002179,            0.002179,            0.002179
                 160,            0.027466,           0.0082556,           0.0045459,            0.070473,              0.3642,             0.10058,            0.070213,            0.015244,           0.0023902,            0.010749,           0.0021295,           0.0021295,           0.0021295
                 161,            0.029342,           0.0082271,           0.0044103,             0.11649,             0.58584,             0.13568,            0.078712,            0.015572,           0.0021393,          4.8639e-05,             0.00208,             0.00208,             0.00208
                 162,            0.028527,           0.0079062,           0.0049534,             0.10406,             0.58333,             0.14455,            0.070347,            0.015124,            0.002163,          3.4023e-05,           0.0020305,           0.0020305,           0.0020305
                 163,            0.028105,           0.0081532,           0.0046926,             0.10581,             0.46499,             0.13448,            0.086332,            0.014483,           0.0021181,          4.1982e-05,            0.001981,            0.001981,            0.001981
                 164,            0.028351,           0.0083207,           0.0044963,            0.097037,               0.625,             0.12044,            0.068821,            0.014397,           0.0023092,          7.0856e-05,           0.0019315,           0.0019315,           0.0019315
                 165,             0.02888,           0.0082148,           0.0043081,             0.10407,             0.61111,             0.14301,            0.076763,            0.015238,           0.0022972,          2.6274e-05,            0.001882,            0.001882,            0.001882
                 166,            0.025558,           0.0082868,           0.0040838,             0.11559,             0.61111,             0.15223,             0.11172,            0.014572,           0.0022023,          3.5538e-05,           0.0018325,           0.0018325,           0.0018325
                 167,            0.027106,           0.0079836,            0.004235,             0.11688,              0.5571,             0.14839,            0.080071,            0.015556,           0.0022724,          0.00051614,            0.001783,            0.001783,            0.001783
                 168,            0.026326,           0.0078869,           0.0038883,             0.10951,             0.57099,             0.16524,            0.082815,            0.015209,           0.0022428,           7.126e-05,           0.0017335,           0.0017335,           0.0017335
                 169,            0.026533,           0.0078621,           0.0044205,             0.10748,             0.56944,             0.15454,             0.10325,            0.013964,           0.0021606,          2.8561e-05,            0.001684,            0.001684,            0.001684
                 170,            0.028703,           0.0080502,           0.0046604,             0.10777,             0.56944,             0.14246,            0.068749,             0.01432,           0.0023255,          3.0631e-05,           0.0016345,           0.0016345,           0.0016345
                 171,            0.024855,           0.0077715,           0.0044728,            0.088472,               0.625,             0.12213,            0.071087,            0.013818,            0.002426,          3.5874e-05,            0.001585,            0.001585,            0.001585
                 172,            0.027321,           0.0082306,           0.0042491,             0.10234,             0.47222,             0.14456,             0.10587,            0.013988,           0.0021099,          3.0797e-05,           0.0015355,           0.0015355,           0.0015355
                 173,            0.024695,           0.0078334,           0.0040576,            0.096036,             0.47222,             0.13312,            0.087505,            0.014892,           0.0023246,          3.9794e-05,            0.001486,            0.001486,            0.001486
                 174,            0.028027,           0.0079534,           0.0042205,              0.1093,             0.53086,             0.13796,            0.072662,            0.015132,           0.0021128,           6.419e-05,           0.0014365,           0.0014365,           0.0014365
                 175,            0.027664,           0.0083337,           0.0040806,              0.1038,             0.54321,             0.15192,            0.085159,            0.015129,           0.0023375,          7.1463e-05,            0.001387,            0.001387,            0.001387
                 176,            0.025622,           0.0079767,           0.0041005,             0.10679,             0.58488,             0.15724,            0.086569,            0.015126,           0.0023317,          0.00020485,           0.0013375,           0.0013375,           0.0013375
                 177,            0.025796,            0.007978,           0.0046961,             0.10825,             0.58333,             0.14684,            0.086325,            0.014527,           0.0022272,          3.6151e-05,            0.001288,            0.001288,            0.001288
                 178,            0.027404,           0.0083111,           0.0043884,              0.1164,             0.56944,             0.13915,            0.075298,            0.015142,           0.0023111,          3.3466e-05,           0.0012385,           0.0012385,           0.0012385
                 179,            0.025181,           0.0080262,           0.0040978,             0.10311,             0.57253,              0.1464,            0.070667,            0.015138,           0.0024758,          4.0957e-05,            0.001189,            0.001189,            0.001189
                 180,            0.025599,           0.0083806,           0.0038541,             0.11257,             0.61111,             0.16602,             0.10034,             0.01457,           0.0022603,          3.0079e-05,           0.0011395,           0.0011395,           0.0011395
                 181,            0.023591,           0.0078769,            0.004064,             0.10508,             0.58333,             0.16264,            0.085805,            0.015384,           0.0024987,          3.2648e-05,             0.00109,             0.00109,             0.00109
                 182,            0.028716,           0.0080728,           0.0044323,            0.089053,             0.60671,             0.13412,            0.064027,            0.014659,           0.0023469,          2.9925e-05,           0.0010405,           0.0010405,           0.0010405
                 183,            0.024572,           0.0077773,           0.0042325,            0.093657,             0.25295,             0.12063,            0.091443,            0.014698,           0.0022513,           0.0048332,            0.000991,            0.000991,            0.000991
                 184,            0.021834,           0.0077892,           0.0045705,             0.10692,             0.54321,             0.14857,            0.076671,            0.014665,           0.0022558,          4.5706e-05,           0.0009415,           0.0009415,           0.0009415
                 185,            0.025159,           0.0076431,           0.0039759,             0.12666,             0.52778,             0.15365,            0.093447,            0.014516,           0.0021502,          9.6789e-05,            0.000892,            0.000892,            0.000892
                 186,            0.028385,           0.0079996,           0.0043678,             0.12371,             0.48611,             0.14427,            0.078153,            0.015032,            0.002147,          4.3054e-05,           0.0008425,           0.0008425,           0.0008425
                 187,            0.026622,           0.0084881,           0.0045912,             0.11697,             0.61111,             0.15033,            0.080162,            0.015042,           0.0023093,          2.8855e-05,            0.000793,            0.000793,            0.000793
                 188,            0.022094,           0.0079434,           0.0042457,             0.11076,             0.55556,             0.14661,            0.071291,            0.015514,           0.0024077,          2.5956e-05,           0.0007435,           0.0007435,           0.0007435
                 189,            0.024764,           0.0078967,           0.0050053,             0.12035,             0.50414,             0.14993,            0.072531,            0.015351,           0.0022191,          8.0246e-05,            0.000694,            0.000694,            0.000694
                 190,            0.023623,           0.0081268,           0.0037104,             0.11489,                 0.5,             0.14765,            0.080664,            0.015341,           0.0022561,          5.2235e-05,           0.0006445,           0.0006445,           0.0006445
                 191,             0.02663,           0.0078215,           0.0041387,             0.12412,             0.52778,              0.1491,             0.08624,            0.015398,           0.0022765,          4.0872e-05,            0.000595,            0.000595,            0.000595
                 192,            0.027988,           0.0079709,            0.004541,             0.12718,              0.5472,             0.15565,            0.093195,            0.015087,           0.0022724,          9.4787e-05,           0.0005455,           0.0005455,           0.0005455
                 193,            0.026807,           0.0078041,           0.0037456,             0.12296,             0.56944,             0.15647,            0.091752,            0.015558,           0.0022542,          0.00011607,            0.000496,            0.000496,            0.000496
                 194,            0.024564,           0.0076513,           0.0046748,             0.11562,             0.56944,             0.15906,            0.092057,            0.015128,           0.0021786,          5.4301e-05,           0.0004465,           0.0004465,           0.0004465
                 195,            0.025181,           0.0081109,           0.0036797,             0.12235,             0.54167,             0.14458,            0.081967,            0.015095,           0.0021735,          0.00011715,            0.000397,            0.000397,            0.000397
                 196,            0.024669,            0.007682,           0.0039914,             0.11933,             0.51427,              0.1442,            0.078443,             0.01533,           0.0021344,          0.00010993,           0.0003475,           0.0003475,           0.0003475
                 197,             0.02331,           0.0077152,           0.0038607,                0.12,             0.51389,             0.14908,            0.077625,            0.014957,           0.0021692,          6.5646e-05,            0.000298,            0.000298,            0.000298
                 198,            0.025325,            0.008044,           0.0037488,             0.12045,             0.51389,             0.15688,            0.086456,            0.015168,           0.0021689,          7.6642e-05,           0.0002485,           0.0002485,           0.0002485
                 199,              0.0256,           0.0077989,           0.0033429,             0.11212,             0.54167,             0.15045,            0.079396,            0.015122,           0.0021767,          5.1253e-05,            0.000199,            0.000199,            0.000199
